{
  "pinterest" : {
    "transaction" : "pinterest",
    "sampleCount" : 100,
    "errorCount" : 0,
    "errorPct" : 0.0,
    "meanResTime" : 712.6900000000003,
    "medianResTime" : 606.0,
    "minResTime" : 403.0,
    "maxResTime" : 2360.0,
    "pct1ResTime" : 1073.6000000000001,
    "pct2ResTime" : 1756.9499999999941,
    "pct3ResTime" : 2358.3399999999992,
    "throughput" : 8.950147677436679,
    "receivedKBytesPerSec" : 1891.899084987246,
    "sentKBytesPerSec" : 2.1326523762642084
  },
  "djmag-0" : {
    "transaction" : "djmag-0",
    "sampleCount" : 100,
    "errorCount" : 0,
    "errorPct" : 0.0,
    "meanResTime" : 114.82999999999998,
    "medianResTime" : 88.0,
    "minResTime" : 43.0,
    "maxResTime" : 1126.0,
    "pct1ResTime" : 138.8,
    "pct2ResTime" : 149.5999999999999,
    "pct3ResTime" : 1125.85,
    "throughput" : 9.258401999814833,
    "receivedKBytesPerSec" : 5.911634339413017,
    "sentKBytesPerSec" : 1.0668861679474122
  },
  "djmag-1" : {
    "transaction" : "djmag-1",
    "sampleCount" : 100,
    "errorCount" : 0,
    "errorPct" : 0.0,
    "meanResTime" : 294.9599999999999,
    "medianResTime" : 263.0,
    "minResTime" : 150.0,
    "maxResTime" : 1276.0,
    "pct1ResTime" : 397.5000000000001,
    "pct2ResTime" : 492.0499999999998,
    "pct3ResTime" : 1271.4799999999977,
    "throughput" : 9.147457006952067,
    "receivedKBytesPerSec" : 826.160619340011,
    "sentKBytesPerSec" : 1.0183692371020856
  },
  "wikipedia-0" : {
    "transaction" : "wikipedia-0",
    "sampleCount" : 100,
    "errorCount" : 0,
    "errorPct" : 0.0,
    "meanResTime" : 272.66999999999985,
    "medianResTime" : 132.0,
    "minResTime" : 76.0,
    "maxResTime" : 1164.0,
    "pct1ResTime" : 972.5000000000003,
    "pct2ResTime" : 1138.8999999999996,
    "pct3ResTime" : 1163.85,
    "throughput" : 9.266123054114159,
    "receivedKBytesPerSec" : 5.384124235544848,
    "sentKBytesPerSec" : 1.1039716919940696
  },
  "wikipedia-1" : {
    "transaction" : "wikipedia-1",
    "sampleCount" : 100,
    "errorCount" : 0,
    "errorPct" : 0.0,
    "meanResTime" : 409.04000000000013,
    "medianResTime" : 361.5,
    "minResTime" : 220.0,
    "maxResTime" : 1408.0,
    "pct1ResTime" : 593.4000000000003,
    "pct2ResTime" : 878.3499999999997,
    "pct3ResTime" : 1407.3899999999996,
    "throughput" : 10.134792743488395,
    "receivedKBytesPerSec" : 758.2982574490726,
    "sentKBytesPerSec" : 1.207465541704672
  },
  "imdb" : {
    "transaction" : "imdb",
    "sampleCount" : 100,
    "errorCount" : 100,
    "errorPct" : 100.0,
    "meanResTime" : 444.5800000000002,
    "medianResTime" : 309.0,
    "minResTime" : 194.0,
    "maxResTime" : 2508.0,
    "pct1ResTime" : 946.1000000000006,
    "pct2ResTime" : 1401.85,
    "pct3ResTime" : 2506.4899999999993,
    "throughput" : 8.722958827634335,
    "receivedKBytesPerSec" : 10.71629121598046,
    "sentKBytesPerSec" : 1.993332388346127
  },
  "topgear" : {
    "transaction" : "topgear",
    "sampleCount" : 100,
    "errorCount" : 0,
    "errorPct" : 0.0,
    "meanResTime" : 1709.6199999999997,
    "medianResTime" : 1389.5,
    "minResTime" : 586.0,
    "maxResTime" : 4240.0,
    "pct1ResTime" : 3489.7000000000007,
    "pct2ResTime" : 3584.2499999999995,
    "pct3ResTime" : 4239.299999999999,
    "throughput" : 9.584052137243628,
    "receivedKBytesPerSec" : 3638.6994853064502,
    "sentKBytesPerSec" : 2.246262219666475
  },
  "topgear-1" : {
    "transaction" : "topgear-1",
    "sampleCount" : 100,
    "errorCount" : 0,
    "errorPct" : 0.0,
    "meanResTime" : 1366.5099999999998,
    "medianResTime" : 1220.0,
    "minResTime" : 517.0,
    "maxResTime" : 3140.0,
    "pct1ResTime" : 2370.9,
    "pct2ResTime" : 2617.149999999999,
    "pct3ResTime" : 3139.0499999999997,
    "throughput" : 10.887316276537833,
    "receivedKBytesPerSec" : 4130.1075760410995,
    "sentKBytesPerSec" : 1.2758573761567773
  },
  "Total" : {
    "transaction" : "Total",
    "sampleCount" : 1500,
    "errorCount" : 200,
    "errorPct" : 13.333333,
    "meanResTime" : 527.7106666666665,
    "medianResTime" : 333.5,
    "minResTime" : 22.0,
    "maxResTime" : 4240.0,
    "pct1ResTime" : 1245.7000000000003,
    "pct2ResTime" : 1807.95,
    "pct3ResTime" : 2992.78,
    "throughput" : 112.50281257031426,
    "receivedKBytesPerSec" : 11379.720137534689,
    "sentKBytesPerSec" : 17.490671641791046
  },
  "topgear-0" : {
    "transaction" : "topgear-0",
    "sampleCount" : 100,
    "errorCount" : 0,
    "errorPct" : 0.0,
    "meanResTime" : 342.0199999999999,
    "medianResTime" : 104.0,
    "minResTime" : 41.0,
    "maxResTime" : 1264.0,
    "pct1ResTime" : 1137.6,
    "pct2ResTime" : 1213.3499999999997,
    "pct3ResTime" : 1263.85,
    "throughput" : 10.371292263015972,
    "receivedKBytesPerSec" : 3.2309006170918897,
    "sentKBytesPerSec" : 1.2153858120721843
  },
  "wikipedia" : {
    "transaction" : "wikipedia",
    "sampleCount" : 100,
    "errorCount" : 0,
    "errorPct" : 0.0,
    "meanResTime" : 682.1300000000001,
    "medianResTime" : 520.5,
    "minResTime" : 303.0,
    "maxResTime" : 2237.0,
    "pct1ResTime" : 1457.5,
    "pct2ResTime" : 1567.55,
    "pct3ResTime" : 2232.7099999999978,
    "throughput" : 9.07770515613653,
    "receivedKBytesPerSec" : 684.4802446441539,
    "sentKBytesPerSec" : 2.163046931735657
  },
  "imdb-1" : {
    "transaction" : "imdb-1",
    "sampleCount" : 100,
    "errorCount" : 100,
    "errorPct" : 100.0,
    "meanResTime" : 342.7099999999998,
    "medianResTime" : 241.5,
    "minResTime" : 164.0,
    "maxResTime" : 2401.0,
    "pct1ResTime" : 660.5000000000003,
    "pct2ResTime" : 1238.049999999997,
    "pct3ResTime" : 2399.6599999999994,
    "throughput" : 8.77963125548727,
    "receivedKBytesPerSec" : 5.7101898595259,
    "sentKBytesPerSec" : 1.003141461808604
  },
  "pinterest-0" : {
    "transaction" : "pinterest-0",
    "sampleCount" : 100,
    "errorCount" : 0,
    "errorPct" : 0.0,
    "meanResTime" : 114.83999999999999,
    "medianResTime" : 75.0,
    "minResTime" : 39.0,
    "maxResTime" : 1335.0,
    "pct1ResTime" : 122.0,
    "pct2ResTime" : 318.8999999999977,
    "pct3ResTime" : 1332.8399999999988,
    "throughput" : 9.260116677470137,
    "receivedKBytesPerSec" : 1.9051062309010094,
    "sentKBytesPerSec" : 1.1032560885267155
  },
  "imdb-0" : {
    "transaction" : "imdb-0",
    "sampleCount" : 100,
    "errorCount" : 0,
    "errorPct" : 0.0,
    "meanResTime" : 101.44999999999999,
    "medianResTime" : 66.5,
    "minResTime" : 22.0,
    "maxResTime" : 1115.0,
    "pct1ResTime" : 109.0,
    "pct2ResTime" : 344.7499999999997,
    "pct3ResTime" : 1114.96,
    "throughput" : 9.503896597605019,
    "receivedKBytesPerSec" : 5.494440220490401,
    "sentKBytesPerSec" : 1.085894435468542
  },
  "pinterest-1" : {
    "transaction" : "pinterest-1",
    "sampleCount" : 100,
    "errorCount" : 0,
    "errorPct" : 0.0,
    "meanResTime" : 597.4000000000001,
    "medianResTime" : 515.0,
    "minResTime" : 362.0,
    "maxResTime" : 2311.0,
    "pct1ResTime" : 942.6000000000004,
    "pct2ResTime" : 1047.9499999999998,
    "pct3ResTime" : 2306.9799999999977,
    "throughput" : 9.000090000900009,
    "receivedKBytesPerSec" : 1900.6043771375212,
    "sentKBytesPerSec" : 1.0722763477634776
  },
  "djmag" : {
    "transaction" : "djmag",
    "sampleCount" : 100,
    "errorCount" : 0,
    "errorPct" : 0.0,
    "meanResTime" : 410.21,
    "medianResTime" : 343.5,
    "minResTime" : 213.0,
    "maxResTime" : 1467.0,
    "pct1ResTime" : 621.0000000000002,
    "pct2ResTime" : 899.2499999999995,
    "pct3ResTime" : 1466.5699999999997,
    "throughput" : 9.074410163339383,
    "receivedKBytesPerSec" : 825.3574821347551,
    "sentKBytesPerSec" : 2.055921052631579
  }
}